{"cameraMode":{"drawMode":0,"name":"Shaded","section":"Shading Mode"},"sceneLighting":true,"audioPlay":false,"sceneViewState":{"showFog":true,"showMaterialUpdate":false,"showSkybox":true,"showFlares":true,"showImageEffects":true,"showParticleSystems":true},"in2DMode":false,"pivot":{"x":252.5698699951172,"y":426.91650390625,"z":-10.7159423828125},"rotation":{"x":0.07075069844722748,"y":0.008971733041107655,"z":-0.0006292802281677723,"w":0.9974814653396606},"size":333.8337707519531,"orthographic":false}