{"cameraMode":{"drawMode":0,"name":"Shaded","section":"Shading Mode"},"sceneLighting":false,"audioPlay":false,"sceneViewState":{"showFog":true,"showMaterialUpdate":false,"showSkybox":true,"showFlares":true,"showImageEffects":true,"showParticleSystems":true},"in2DMode":false,"pivot":{"x":-1.340357780456543,"y":0.8570613861083984,"z":0.4174518585205078},"rotation":{"x":0.2479294091463089,"y":-0.045037899166345599,"z":0.011531434953212738,"w":0.9676946401596069},"size":22.0,"orthographic":false}