{"cameraMode":{"drawMode":0,"name":"Shaded","section":"Shading Mode"},"sceneLighting":true,"audioPlay":false,"sceneViewState":{"showFog":true,"showMaterialUpdate":false,"showSkybox":true,"showFlares":true,"showImageEffects":true,"showParticleSystems":true},"in2DMode":false,"pivot":{"x":1.072830080986023,"y":-2.0887928009033205,"z":-2.426009178161621},"rotation":{"x":-0.6330879330635071,"y":-0.006146915722638369,"z":0.00479968311265111,"w":-0.7741347551345825},"size":26.171157836914064,"orthographic":false}