{"cameraMode":{"drawMode":0,"name":"Shaded","section":"Shading Mode"},"sceneLighting":true,"audioPlay":false,"sceneViewState":{"showFog":true,"showMaterialUpdate":false,"showSkybox":true,"showFlares":true,"showImageEffects":true,"showParticleSystems":true},"in2DMode":false,"pivot":{"x":-24.841476440429689,"y":-3.576374053955078,"z":-19.113630294799806},"rotation":{"x":-0.1683271825313568,"y":0.7893228530883789,"z":-0.24812065064907075,"w":-0.5358747243881226},"size":89.8930892944336,"orthographic":false}