{"cameraMode":{"drawMode":0,"name":"Shaded","section":"Shading Mode"},"sceneLighting":true,"audioPlay":false,"sceneViewState":{"showFog":true,"showMaterialUpdate":false,"showSkybox":true,"showFlares":true,"showImageEffects":true,"showParticleSystems":true},"in2DMode":false,"pivot":{"x":-23.56170654296875,"y":-10.374343872070313,"z":-0.2598104476928711},"rotation":{"x":-0.19372223317623139,"y":0.6336036324501038,"z":-0.16828489303588868,"w":-0.72992342710495},"size":82.81990814208985,"orthographic":false}