{"cameraMode":{"drawMode":0,"name":"Shaded","section":"Shading Mode"},"sceneLighting":true,"audioPlay":false,"sceneViewState":{"showFog":true,"showMaterialUpdate":false,"showSkybox":true,"showFlares":true,"showImageEffects":true,"showParticleSystems":true},"in2DMode":false,"pivot":{"x":259.44940185546877,"y":177.9389190673828,"z":-8.86993408203125},"rotation":{"x":0.07075069844722748,"y":0.008971733041107655,"z":-0.0006292802281677723,"w":0.9974814653396606},"size":701.3037109375,"orthographic":false}