{"cameraMode":{"drawMode":0,"name":"Shaded","section":"Shading Mode"},"sceneLighting":true,"audioPlay":false,"sceneViewState":{"showFog":true,"showMaterialUpdate":false,"showSkybox":true,"showFlares":true,"showImageEffects":true,"showParticleSystems":true},"in2DMode":false,"pivot":{"x":-24.700008392333986,"y":0.0,"z":-34.200008392333987},"rotation":{"x":0.20778419077396394,"y":0.08155569434165955,"z":-0.017097903415560724,"w":0.9747536182403565},"size":8.970953941345215,"orthographic":false}