{"cameraMode":{"drawMode":0,"name":"Shaded","section":"Shading Mode"},"sceneLighting":true,"audioPlay":false,"sceneViewState":{"showFog":true,"showMaterialUpdate":false,"showSkybox":true,"showFlares":true,"showImageEffects":true,"showParticleSystems":true},"in2DMode":false,"pivot":{"x":-0.22352883219718934,"y":-0.2747044861316681,"z":0.3902199864387512},"rotation":{"x":0.2567633390426636,"y":0.2039702981710434,"z":-0.05552758276462555,"w":0.9431019425392151},"size":1.3105323314666749,"orthographic":false}